[
    {
        "id": 1,
        "name": "Customer 1",
        "customer id": "1",
        "Industry": "Social Media",
        "No of account": 45,
        "ProductUsed": "Subscription Management,Tax Compliance",
        "BusinessValue": "$1088.0",
        "Demography": "UK",
        "RenewalDate": "01/12/2023",
        "Churn": 34.31,
        "cms":"neutral",

        "top_contributors": "",
        "Integration1": "Stripe",
        "Integration2": 10.73,
        "AverageResolutionTime": "3 days",
        "AverageResolution": 30.04,
        "Feature1": "Feature 1",
        "Feature2": 43.24,
        "DailyUsage": "10 minutes",
        "DailyUsage1": 8.64,
        "LoginFrequency": "10/day",
        "LoginFrequency1": 18.48
    },
    {
        "id": 2,
        "name": "Customer 2",
        "customer id": "2",
        "Industry": "Retail",
        "No of account": 17,
        "ProductUsed": "Subscription Management,Tax Compliance",
        "BusinessValue": "$3696.0",
        "Demography": "India",
        "RenewalDate": "01/12/2023",
        "Churn": 28.89,
        "cms":"veryunhappy",

        "top_contributors": "",
        "Integration1": "Stripe",
        "Integration2": 3.87,
        "AverageResolutionTime": "1 days",
        "AverageResolution": 11.87,
        "Feature1": "Feature 1",
        "Feature2": 30.44,
        "DailyUsage": "10 minutes",
        "DailyUsage1": 36.26,
        "LoginFrequency": "60/day",
        "LoginFrequency1": 15.1
    },
    {
        "id": 3,
        "name": "Customer 3",
        "customer id": "3",
        "Industry": "Social Media",
        "No of account": 22,
        "ProductUsed": "Subscription Management,Tax Compliance",
        "BusinessValue": "$3111.0",
        "Demography": "India",
        "RenewalDate": "01/12/2023",
        "Churn": 6.15,
        "cms":"happy",

        "top_contributors": "",
        "Integration1": "Salesforce",
        "Integration2": 46.18,
        "AverageResolutionTime": "3 days",
        "AverageResolution": 10.6,
        "Feature1": "Feature 2",
        "Feature2": 2.23,
        "DailyUsage": "120 minutes",
        "DailyUsage1": 47.85,
        "LoginFrequency": "10/day",
        "LoginFrequency1": 39.97
    },
    {
        "id": 4,
        "name": "Customer 4",
        "customer id": "4",
        "Industry": "SaaS",
        "No of account": 10,
        "ProductUsed": "Subscription Management,Tax Compliance",
        "BusinessValue": "$3579.9999999999995",
        "Demography": "UK",
        "RenewalDate": "01/12/2023",
        "Churn": 45.99,
        "cms":"unhappy",

        "top_contributors": "",
        "Integration1": "Slack",
        "Integration2": 41.28,
        "AverageResolutionTime": "20 minutes",
        "AverageResolution": 5.61,
        "Feature1": "Feature 3",
        "Feature2": 15.96,
        "DailyUsage": "120 minutes",
        "DailyUsage1": 41.81,
        "LoginFrequency": "10/day",
        "LoginFrequency1": 39.97
    },
    {
        "id": 5,
        "name": "Customer 5",
        "customer id": "5",
        "Industry": "SaaS",
        "No of account": 19,
        "ProductUsed": "Subscription Management,Tax Compliance",
        "BusinessValue": "$4835.0",
        "Demography": "US",
        "RenewalDate": "01/12/2023",
        "Churn": 0.06,
        "cms":"veryhappy",
        "top_contributors": "",
        "Integration1": "Stripe",
        "Integration2": 2.93,
        "AverageResolutionTime": "20 minutes",
        "AverageResolution": 24.51,
        "Feature1": "Feature 4",
        "Feature2": 41.5,
        "DailyUsage": "10 minutes",
        "DailyUsage1": 22.23,
        "LoginFrequency": "30/day",
        "LoginFrequency1": 8.54
    },
    {
        "id": 6,
        "name": "Customer 6",
        "customer id": "6",
        "Industry": "E-commerce",
        "No of account": 13,
        "Product Used": "Subscription Management,Tax Compliance",
        "BusinessValue": "$4702.0",
        "Demography": "Canada",
        "RenewalDate": "01/12/2023",
        "Churn": 5.21,
        "cms":"veryhappy",
        "top_contributors": "",
        "Integration1": "Stripe",
        "Integration2": 34.83,
        "AverageResolutionTime": "20 minutes",
        "AverageResolution": 12.13,
        "Feature1": "Feature 2",
        "Feature2": 35.42,
        "DailyUsage": "10 minutes",
        "DailyUsage1": 4.05,
        "LoginFrequency": "120/day",
        "LoginFrequency1": 46.0
    },
    {
        "id": 7,
        "name": "Customer 7",
        "customer id": "7",
        "Industry": "SaaS",
        "No of account": 30,
        "Product Used": "Subscription Management,Tax Compliance",
        "BusinessValue": "$386.0",
        "Demography": "US",
        "RenewalDate": "01/12/2023",
        "Churn": 13.98,
        "cms":"unhappy",
        "top_contributors": "",
        "Integration1": "Razorpay",
        "Integration2": 33.48,
        "AverageResolutionTime": "10 minutes",
        "AverageResolution":35.19,
        "Feature1": "Feature 2",
        "Feature2": 8.61,
        "DailyUsage": "120 minutes",
        "DailyUsage1":  17.18,
        "LoginFrequency": "60/day",
        "LoginFrequency1":  28.01
    },
    {
        "id": 8,
        "name": "Customer 8",
        "customer id": "8",
        "Industry": "Retail",
        "No of account": 42,
        "Product Used": "Subscription Management,Tax Compliance",
        "BusinessValue": "$3574.0",
        "Demography": "Canada",
        "RenewalDate": "01/12/2023",
        "Churn": 4.29,
        "cms":"veryhappy",
        "top_contributors": "",
        "Integration1": "Stripe",
        "Integration2": 3.85,
        "AverageResolutionTime": "1day",
        "AverageResolution":   10.64,
        "Feature1": "Feature 3",
        "Feature2":      30.63,
        "DailyUsage": "60 minutes",
        "DailyUsage1": 29.71,
        "LoginFrequency": "30/day",
        "LoginFrequency1":30.61
    },
    {
        "id": 9,
        "name": "Customer 9",
        "customer id": "9",
        "Industry": "Retail",
        "No of account": 2,
        "Product Used": "Subscription Management,Tax Compliance",
        "BusinessValue": "$429.0",
        "Demography": "India",
        "RenewalDate": "01/12/2023",
        "Churn": 2.45,
        "cms":"veryhappy",
        "top_contributors": "",
        "Integration1": "Stripe",
        "Integration2": 6.73,
        "AverageResolutionTime": "1 day",
        "AverageResolution": 33.05,
        "Feature1": "Feature 3",
        "Feature2": 25.67,
        "DailyUsage": "120 minutes",
        "DailyUsage1":  9.41,
        "LoginFrequency": "10/day",
        "LoginFrequency1": 16.91
    },
    {
        "id": 10,
        "name": "Customer 10",
        "customer id": "10",
        "Industry": "Retail",
        "No of account": 47,
        "Product Used": "Subscription Management,Tax Compliance",
        "BusinessValue": "$2754.0",
        "Demography": "India",
        "RenewalDate": "01/12/2023",
        "Churn": 21.13,
        "cms":"veryhappy",
        "top_contributors": "",
        "Integration1": "Salesforce",
        "Integration2": 41.73,
        "AverageResolutionTime": "20 minutes",
        "AverageResolution":  0.63,
        "Feature1": "Feature 3",
        "Feature2": 6.28,
        "DailyUsage": "30 minutes",
        "DailyUsage1": 30.31,
        "LoginFrequency": "60/day",
        "LoginFrequency1": 26.06
    }
  
]